[32m2025-10-26 13:33:46 -0600[0m - dagster - [34mDEBUG[0m - __ASSET_JOB - dc61f251-b5d8-4b5c-a62b-7c74c294a5a7 - 3774983 - LOGS_CAPTURED - Started capturing logs in process (pid: 3774983).
[32m2025-10-26 13:33:46 -0600[0m - dagster - [34mDEBUG[0m - __ASSET_JOB - dc61f251-b5d8-4b5c-a62b-7c74c294a5a7 - 3774983 - insurance_case - STEP_START - Started execution of step "insurance_case".
[32m2025-10-26 13:33:46 -0600[0m - dagster - [34mINFO[0m - __ASSET_JOB - dc61f251-b5d8-4b5c-a62b-7c74c294a5a7 - insurance_case - A dbt subsetted execution is being performed. Overriding default dbt selection arguments `['--select', 'fqn:*']` with arguments: `['insurance_case.test']`.
INFO: __ASSET_JOB - dc61f251-b5d8-4b5c-a62b-7c74c294a5a7 - insurance_case - A dbt subsetted execution is being performed. Overriding default dbt selection arguments `['--select', 'fqn:*']` with arguments: `['insurance_case.test']`.
[32m2025-10-26 13:33:49 -0600[0m - dagster - [34mWARNING[0m - __ASSET_JOB - dc61f251-b5d8-4b5c-a62b-7c74c294a5a7 - insurance_case - An error was encountered when creating a handle to the dbt adapter in Dagster.
jsonschema.exceptions.ValidationError: Additional properties are not allowed ('schema-prefix' was unexpected)

Failed validating 'additionalProperties' in schema:
    {'type': 'object',
     'title': 'Project',
     'properties': {'name': {'type': 'string',
                             'pattern': '^[^\\d\\W]\\w*$'},
                    'config-version': {'anyOf': [{'type': 'integer'},
                                                 {'type': 'null'}],
                                       'default': 2},
                    'version': {'anyOf': [{'type': 'string',
                                           'pattern': '^(0|[1-9]\\d*)\\.(0|[1-9]\\d*)(\\.(0|[1-9]\\d*)(?:-((?:0|[1-9]\\d*|\\d*[a-zA-Z-][0-9a-zA-Z-]*)(?:\\.(?:0|[1-9]\\d*|\\d*[a-zA-Z-][0-9a-zA-Z-]*))*))?(?:\\+([0-9a-zA-Z-]+(?:\\.[0-9a-zA-Z-]+)*))?)?$'},
                                          {'type': 'number'},
                                          {'type': 'null'}],
                                'default': None},
                    'project-root': {'anyOf': [{'type': 'string'},
                                               {'type': 'null'}],
                                     'default': None},
                    'source-paths': {'anyOf': [{'type': 'array',
                                                'items': {'type': 'string'}},
                                               {'type': 'null'}],
                                     'default': None},
                    'model-paths': {'anyOf': [{'type': 'array',
                                               'items': {'type': 'string'}},
                                              {'type': 'null'}],
                                    'default': None},
                    'macro-paths': {'anyOf': [{'type': 'array',
                                               'items': {'type': 'string'}},
                                              {'type': 'null'}],
                                    'default': None},
                    'data-paths': {'anyOf': [{'type': 'array',
                                              'items': {'type': 'string'}},
                                             {'type': 'null'}],
                                   'default': None},
                    'seed-paths': {'anyOf': [{'type': 'array',
                                              'items': {'type': 'string'}},
                                             {'type': 'null'}],
                                   'default': None},
                    'test-paths': {'anyOf': [{'type': 'array',
                                              'items': {'type': 'string'}},
                                             {'type': 'null'}],
                                   'default': None},
                    'analysis-paths': {'anyOf': [{'type': 'array',
                                                  'items': {'type': 'string'}},
                                                 {'type': 'null'}],
                                       'default': None},
                    'docs-paths': {'anyOf': [{'type': 'array',
                                              'items': {'type': 'string'}},
                                             {'type': 'null'}],
                                   'default': None},
                    'asset-paths': {'anyOf': [{'type': 'array',
                                               'items': {'type': 'string'}},
                                              {'type': 'null'}],
                                    'default': None},
                    'target-path': {'anyOf': [{'type': 'string'},
                                              {'type': 'null'}],
                                    'default': None},
                    'snapshot-paths': {'anyOf': [{'type': 'array',
                                                  'items': {'type': 'string'}},
                                                 {'type': 'null'}],
                                       'default': None},
                    'clean-targets': {'anyOf': [{'type': 'array',
                                                 'items': {'type': 'string'}},
                                                {'type': 'null'}],
                                      'default': None},
                    'profile': {'anyOf': [{'type': 'string'},
                                          {'type': 'null'}],
                                'default': None},
                    'log-path': {'anyOf': [{'type': 'string'},
                                           {'type': 'null'}],
                                 'default': None},
                    'packages-install-path': {'anyOf': [{'type': 'string'},
                                                        {'type': 'null'}],
                                              'default': None},
                    'quoting': {'anyOf': [{'type': 'object',
                                           'title': 'Quoting',
                                           'properties': {'schema': {'anyOf': [{'type': 'boolean'},
                                                                               {'type': 'null'}],
                                                                     'default': None},
                                                          'database': {'anyOf': [{'type': 'boolean'},
                                                                                 {'type': 'null'}],
                                                                       'default': None},
                                                          'project': {'anyOf': [{'type': 'boolean'},
                                                                                {'type': 'null'}],
                                                                      'default': None},
                                                          'identifier': {'anyOf': [{'type': 'boolean'},
                                                                                   {'type': 'null'}],
                                                                         'default': None},
                                                          'snowflake_ignore_case': {'anyOf': [{'type': 'boolean'},
                                                                                              {'type': 'null'}],
                                                                                    'default': None}},
                                           'additionalProperties': False},
                                          {'type': 'null'}],
                                'default': None},
                    'on-run-start': {'anyOf': [{'type': 'array',
                                                'items': {'type': 'string'}},
                                               {'type': 'null'}]},
                    'on-run-end': {'anyOf': [{'type': 'array',
                                              'items': {'type': 'string'}},
                                             {'type': 'null'}]},
                    'require-dbt-version': {'anyOf': [{'type': 'array',
                                                       'items': {'type': 'string'}},
                                                      {'type': 'string'},
                                                      {'type': 'null'}],
                                            'default': None},
                    'dispatch': {'type': 'array',
                                 'items': {'type': 'object',
                                           'propertyNames': {'type': 'string'}}},
                    'models': {'type': 'object',
                               'propertyNames': {'type': 'string'}},
                    'seeds': {'type': 'object',
                              'propertyNames': {'type': 'string'}},
                    'snapshots': {'type': 'object',
                                  'propertyNames': {'type': 'string'}},
                    'analyses': {'type': 'object',
                                 'propertyNames': {'type': 'string'}},
                    'sources': {'type': 'object',
                                'propertyNames': {'type': 'string'}},
                    'tests': {'type': 'object',
                              'propertyNames': {'type': 'string'}},
                    'data_tests': {'type': 'object',
                                   'propertyNames': {'type': 'string'}},
                    'unit_tests': {'type': 'object',
                                   'propertyNames': {'type': 'string'}},
                    'metrics': {'type': 'object',
                                'propertyNames': {'type': 'string'}},
                    'semantic-models': {'type': 'object',
                                        'propertyNames': {'type': 'string'}},
                    'saved-queries': {'type': 'object',
                                      'propertyNames': {'type': 'string'}},
                    'exposures': {'type': 'object',
                                  'propertyNames': {'type': 'string'}},
                    'vars': {'description': 'map project names to their '
                                            'vars override dicts',
                             'anyOf': [{'type': 'object',
                                        'propertyNames': {'type': 'string'}},
                                       {'type': 'null'}],
                             'default': None},
                    'packages': {'type': 'array',
                                 'items': {'anyOf': [{'type': 'object',
                                                      'title': 'LocalPackage',
                                                      'properties': {'local': {'type': 'string'},
                                                                     'unrendered': {'type': 'object',
                                                                                    'propertyNames': {'type': 'string'}},
                                                                     'name': {'anyOf': [{'type': 'string'},
                                                                                        {'type': 'null'}],
                                                                              'default': None}},
                                                      'additionalProperties': False,
                                                      'required': ['local']},
                                                     {'type': 'object',
                                                      'title': 'TarballPackage',
                                                      'properties': {'tarball': {'type': 'string'},
                                                                     'name': {'type': 'string'},
                                                                     'unrendered': {'type': 'object',
                                                                                    'propertyNames': {'type': 'string'}}},
                                                      'additionalProperties': False,
                                                      'required': ['tarball',
                                                                   'name']},
                                                     {'type': 'object',
                                                      'title': 'GitPackage',
                                                      'properties': {'git': {'type': 'string'},
                                                                     'revision': {'anyOf': [{'type': 'string'},
                                                                                            {'type': 'number'},
                                                                                            {'type': 'null'}],
                                                                                  'default': None},
                                                                     'warn-unpinned': {'anyOf': [{'type': 'boolean'},
                                                                                                 {'type': 'null'}],
                                                                                       'default': None},
                                                                     'subdirectory': {'anyOf': [{'type': 'string'},
                                                                                                {'type': 'null'}],
                                                                                      'default': None},
                                                                     'unrendered': {'type': 'object',
                                                                                    'propertyNames': {'type': 'string'}},
                                                                     'name': {'anyOf': [{'type': 'string'},
                                                                                        {'type': 'null'}],
                                                                              'default': None}},
                                                      'additionalProperties': False,
                                                      'required': ['git']},
                                                     {'type': 'object',
                                                      'title': 'RegistryPackage',
                                                      'properties': {'package': {'type': 'string'},
                                                                     'version': {'anyOf': [{'type': 'string'},
                                                                                           {'type': 'number'},
                                                                                           {'type': 'array',
                                                                                            'items': {'anyOf': [{'type': 'string'},
                                                                                                                {'type': 'number'}]}}]},
                                                                     'install_prerelease': {'anyOf': [{'type': 'boolean'},
                                                                                                      {'type': 'null'}],
                                                                                            'default': False},
                                                                     'unrendered': {'type': 'object',
                                                                                    'propertyNames': {'type': 'string'}},
                                                                     'name': {'anyOf': [{'type': 'string'},
                                                                                        {'type': 'null'}],
                                                                              'default': None}},
                                                      'additionalProperties': False,
                                                      'required': ['package',
                                                                   'version']},
                                                     {'type': 'object',
                                                      'title': 'PrivatePackage',
                                                      'properties': {'private': {'type': 'string'},
                                                                     'provider': {'anyOf': [{'type': 'string'},
                                                                                            {'type': 'null'}],
                                                                                  'default': None},
                                                                     'revision': {'anyOf': [{'type': 'string'},
                                                                                            {'type': 'number'},
                                                                                            {'type': 'null'}],
                                                                                  'default': None},
                                                                     'warn-unpinned': {'anyOf': [{'type': 'boolean'},
                                                                                                 {'type': 'null'}],
                                                                                       'default': None},
                                                                     'subdirectory': {'anyOf': [{'type': 'string'},
                                                                                                {'type': 'null'}],
                                                                                      'default': None},
                                                                     'unrendered': {'type': 'object',
                                                                                    'propertyNames': {'type': 'string'}},
                                                                     'name': {'anyOf': [{'type': 'string'},
                                                                                        {'type': 'null'}],
                                                                              'default': None}},
                                                      'additionalProperties': False,
                                                      'required': ['private']}]}},
                    'query-comment': {'anyOf': [{'type': 'object',
                                                 'title': 'QueryComment',
                                                 'properties': {'comment': {'type': 'string',
                                                                            'default': '\n'
                                                                                       '{%- '
                                                                                       'set '
                                                                                       'comment_dict '
                                                                                       '= '
                                                                                       '{} '
                                                                                       '-%}\n'
                                                                                       '{%- '
                                                                                       'do '
                                                                                       'comment_dict.update(\n'
                                                                                       '    '
                                                                                       "app='dbt',\n"
                                                                                       '    '
                                                                                       'dbt_version=dbt_version,\n'
                                                                                       '    '
                                                                                       "profile_name=target.get('profile_name'),\n"
                                                                                       '    '
                                                                                       "target_name=target.get('target_name'),\n"
                                                                                       ') '
                                                                                       '-%}\n'
                                                                                       '{%- '
                                                                                       'if '
                                                                                       'node '
                                                                                       'is '
                                                                                       'not '
                                                                                       'none '
                                                                                       '-%}\n'
                                                                                       '  '
                                                                                       '{%- '
                                                                                       'do '
                                                                                       'comment_dict.update(\n'
                                                                                       '    '
                                                                                       'node_id=node.unique_id,\n'
                                                                                       '  '
                                                                                       ') '
                                                                                       '-%}\n'
                                                                                       '{% '
                                                                                       'else '
                                                                                       '%}\n'
                                                                                       '  '
                                                                                       '{# '
                                                                                       'in '
                                                                                       'the '
                                                                                       'node '
                                                                                       'context, '
                                                                                       'the '
                                                                                       'connection '
                                                                                       'name '
                                                                                       'is '
                                                                                       'the '
                                                                                       'node_id '
                                                                                       '#}\n'
                                                                                       '  '
                                                                                       '{%- '
                                                                                       'do '
                                                                                       'comment_dict.update(connection_name=connection_name) '
                                                                                       '-%}\n'
                                                                                       '{%- '
                                                                                       'endif '
                                                                                       '-%}\n'
                                                                                       '{{ '
                                                                                       'return(tojson(comment_dict)) '
                                                                                       '}}\n'},
                                                                'append': {'anyOf': [{'type': 'boolean'},
                                                                                     {'type': 'null'}],
                                                                           'default': None},
                                                                'job-label': {'type': 'boolean',
                                                                              'default': False}},
                                                 'additionalProperties': False},
                                                {'type': 'object',
                                                 'title': 'NoValue',
                                                 'properties': {'novalue': {'enum': ['novalue']}},
                                                 'additionalProperties': False},
                                                {'type': 'string'},
                                                {'type': 'null'}]},
                    'restrict-access': {'type': 'boolean',
                                        'default': False},
                    'dbt-cloud': {'anyOf': [{'type': 'object',
                                             'propertyNames': {'type': 'string'}},
                                            {'type': 'null'}],
                                  'default': None},
                    'flags': {'type': 'object',
                              'propertyNames': {'type': 'string'}}},
     'additionalProperties': False,
     'required': ['name']}

On instance:
    {'name': 'insurance_case',
     'version': '1.0.0',
     'profile': 'insurance_case',
     'model-paths': ['models'],
     'analysis-paths': ['analyses'],
     'test-paths': ['tests'],
     'seed-paths': ['seeds'],
     'macro-paths': ['macros'],
     'snapshot-paths': ['snapshots'],
     'schema-prefix': '',
     'clean-targets': ['target', 'dbt_packages'],
     'models': {'insurance_case': {'+schema': 'gold',
                                   '+materialized': 'table'}},
     'project-root': '/home/armando/git/insurance_case/insurance_case'}

The above exception was the direct cause of the following exception:

Traceback (most recent call last):
  File "/home/armando/git/insurance_case/dagster-quickstart/.venv/lib/python3.12/site-packages/dbt/config/project.py", line 389, in create_project
    ProjectContract.validate(rendered.project_dict)
  File "/home/armando/git/insurance_case/dagster-quickstart/.venv/lib/python3.12/site-packages/dbt/contracts/project.py", line 306, in validate
    super().validate(data)
  File "/home/armando/git/insurance_case/dagster-quickstart/.venv/lib/python3.12/site-packages/dbt_common/dataclass_schema.py", line 99, in validate
    raise ValidationError.create_from(error) from error
dbt_common.dataclass_schema.ValidationError: Additional properties are not allowed ('schema-prefix' was unexpected)

Failed validating 'additionalProperties' in schema:
    {'type': 'object',
     'title': 'Project',
     'properties': {'name': {'type': 'string',
                             'pattern': '^[^\\d\\W]\\w*$'},
                    'config-version': {'anyOf': [{'type': 'integer'},
                                                 {'type': 'null'}],
                                       'default': 2},
                    'version': {'anyOf': [{'type': 'string',
                                           'pattern': '^(0|[1-9]\\d*)\\.(0|[1-9]\\d*)(\\.(0|[1-9]\\d*)(?:-((?:0|[1-9]\\d*|\\d*[a-zA-Z-][0-9a-zA-Z-]*)(?:\\.(?:0|[1-9]\\d*|\\d*[a-zA-Z-][0-9a-zA-Z-]*))*))?(?:\\+([0-9a-zA-Z-]+(?:\\.[0-9a-zA-Z-]+)*))?)?$'},
                                          {'type': 'number'},
                                          {'type': 'null'}],
                                'default': None},
                    'project-root': {'anyOf': [{'type': 'string'},
                                               {'type': 'null'}],
                                     'default': None},
                    'source-paths': {'anyOf': [{'type': 'array',
                                                'items': {'type': 'string'}},
                                               {'type': 'null'}],
                                     'default': None},
                    'model-paths': {'anyOf': [{'type': 'array',
                                               'items': {'type': 'string'}},
                                              {'type': 'null'}],
                                    'default': None},
                    'macro-paths': {'anyOf': [{'type': 'array',
                                               'items': {'type': 'string'}},
                                              {'type': 'null'}],
                                    'default': None},
                    'data-paths': {'anyOf': [{'type': 'array',
                                              'items': {'type': 'string'}},
                                             {'type': 'null'}],
                                   'default': None},
                    'seed-paths': {'anyOf': [{'type': 'array',
                                              'items': {'type': 'string'}},
                                             {'type': 'null'}],
                                   'default': None},
                    'test-paths': {'anyOf': [{'type': 'array',
                                              'items': {'type': 'string'}},
                                             {'type': 'null'}],
                                   'default': None},
                    'analysis-paths': {'anyOf': [{'type': 'array',
                                                  'items': {'type': 'string'}},
                                                 {'type': 'null'}],
                                       'default': None},
                    'docs-paths': {'anyOf': [{'type': 'array',
                                              'items': {'type': 'string'}},
                                             {'type': 'null'}],
                                   'default': None},
                    'asset-paths': {'anyOf': [{'type': 'array',
                                               'items': {'type': 'string'}},
                                              {'type': 'null'}],
                                    'default': None},
                    'target-path': {'anyOf': [{'type': 'string'},
                                              {'type': 'null'}],
                                    'default': None},
                    'snapshot-paths': {'anyOf': [{'type': 'array',
                                                  'items': {'type': 'string'}},
                                                 {'type': 'null'}],
                                       'default': None},
                    'clean-targets': {'anyOf': [{'type': 'array',
                                                 'items': {'type': 'string'}},
                                                {'type': 'null'}],
                                      'default': None},
                    'profile': {'anyOf': [{'type': 'string'},
                                          {'type': 'null'}],
                                'default': None},
                    'log-path': {'anyOf': [{'type': 'string'},
                                           {'type': 'null'}],
                                 'default': None},
                    'packages-install-path': {'anyOf': [{'type': 'string'},
                                                        {'type': 'null'}],
                                              'default': None},
                    'quoting': {'anyOf': [{'type': 'object',
                                           'title': 'Quoting',
                                           'properties': {'schema': {'anyOf': [{'type': 'boolean'},
                                                                               {'type': 'null'}],
                                                                     'default': None},
                                                          'database': {'anyOf': [{'type': 'boolean'},
                                                                                 {'type': 'null'}],
                                                                       'default': None},
                                                          'project': {'anyOf': [{'type': 'boolean'},
                                                                                {'type': 'null'}],
                                                                      'default': None},
                                                          'identifier': {'anyOf': [{'type': 'boolean'},
                                                                                   {'type': 'null'}],
                                                                         'default': None},
                                                          'snowflake_ignore_case': {'anyOf': [{'type': 'boolean'},
                                                                                              {'type': 'null'}],
                                                                                    'default': None}},
                                           'additionalProperties': False},
                                          {'type': 'null'}],
                                'default': None},
                    'on-run-start': {'anyOf': [{'type': 'array',
                                                'items': {'type': 'string'}},
                                               {'type': 'null'}]},
                    'on-run-end': {'anyOf': [{'type': 'array',
                                              'items': {'type': 'string'}},
                                             {'type': 'null'}]},
                    'require-dbt-version': {'anyOf': [{'type': 'array',
                                                       'items': {'type': 'string'}},
                                                      {'type': 'string'},
                                                      {'type': 'null'}],
                                            'default': None},
                    'dispatch': {'type': 'array',
                                 'items': {'type': 'object',
                                           'propertyNames': {'type': 'string'}}},
                    'models': {'type': 'object',
                               'propertyNames': {'type': 'string'}},
                    'seeds': {'type': 'object',
                              'propertyNames': {'type': 'string'}},
                    'snapshots': {'type': 'object',
                                  'propertyNames': {'type': 'string'}},
                    'analyses': {'type': 'object',
                                 'propertyNames': {'type': 'string'}},
                    'sources': {'type': 'object',
                                'propertyNames': {'type': 'string'}},
                    'tests': {'type': 'object',
                              'propertyNames': {'type': 'string'}},
                    'data_tests': {'type': 'object',
                                   'propertyNames': {'type': 'string'}},
                    'unit_tests': {'type': 'object',
                                   'propertyNames': {'type': 'string'}},
                    'metrics': {'type': 'object',
                                'propertyNames': {'type': 'string'}},
                    'semantic-models': {'type': 'object',
                                        'propertyNames': {'type': 'string'}},
                    'saved-queries': {'type': 'object',
                                      'propertyNames': {'type': 'string'}},
                    'exposures': {'type': 'object',
                                  'propertyNames': {'type': 'string'}},
                    'vars': {'description': 'map project names to their '
                                            'vars override dicts',
                             'anyOf': [{'type': 'object',
                                        'propertyNames': {'type': 'string'}},
                                       {'type': 'null'}],
                             'default': None},
                    'packages': {'type': 'array',
                                 'items': {'anyOf': [{'type': 'object',
                                                      'title': 'LocalPackage',
                                                      'properties': {'local': {'type': 'string'},
                                                                     'unrendered': {'type': 'object',
                                                                                    'propertyNames': {'type': 'string'}},
                                                                     'name': {'anyOf': [{'type': 'string'},
                                                                                        {'type': 'null'}],
                                                                              'default': None}},
                                                      'additionalProperties': False,
                                                      'required': ['local']},
                                                     {'type': 'object',
                                                      'title': 'TarballPackage',
                                                      'properties': {'tarball': {'type': 'string'},
                                                                     'name': {'type': 'string'},
                                                                     'unrendered': {'type': 'object',
                                                                                    'propertyNames': {'type': 'string'}}},
                                                      'additionalProperties': False,
                                                      'required': ['tarball',
                                                                   'name']},
                                                     {'type': 'object',
                                                      'title': 'GitPackage',
                                                      'properties': {'git': {'type': 'string'},
                                                                     'revision': {'anyOf': [{'type': 'string'},
                                                                                            {'type': 'number'},
                                                                                            {'type': 'null'}],
                                                                                  'default': None},
                                                                     'warn-unpinned': {'anyOf': [{'type': 'boolean'},
                                                                                                 {'type': 'null'}],
                                                                                       'default': None},
                                                                     'subdirectory': {'anyOf': [{'type': 'string'},
                                                                                                {'type': 'null'}],
                                                                                      'default': None},
                                                                     'unrendered': {'type': 'object',
                                                                                    'propertyNames': {'type': 'string'}},
                                                                     'name': {'anyOf': [{'type': 'string'},
                                                                                        {'type': 'null'}],
                                                                              'default': None}},
                                                      'additionalProperties': False,
                                                      'required': ['git']},
                                                     {'type': 'object',
                                                      'title': 'RegistryPackage',
                                                      'properties': {'package': {'type': 'string'},
                                                                     'version': {'anyOf': [{'type': 'string'},
                                                                                           {'type': 'number'},
                                                                                           {'type': 'array',
                                                                                            'items': {'anyOf': [{'type': 'string'},
                                                                                                                {'type': 'number'}]}}]},
                                                                     'install_prerelease': {'anyOf': [{'type': 'boolean'},
                                                                                                      {'type': 'null'}],
                                                                                            'default': False},
                                                                     'unrendered': {'type': 'object',
                                                                                    'propertyNames': {'type': 'string'}},
                                                                     'name': {'anyOf': [{'type': 'string'},
                                                                                        {'type': 'null'}],
                                                                              'default': None}},
                                                      'additionalProperties': False,
                                                      'required': ['package',
                                                                   'version']},
                                                     {'type': 'object',
                                                      'title': 'PrivatePackage',
                                                      'properties': {'private': {'type': 'string'},
                                                                     'provider': {'anyOf': [{'type': 'string'},
                                                                                            {'type': 'null'}],
                                                                                  'default': None},
                                                                     'revision': {'anyOf': [{'type': 'string'},
                                                                                            {'type': 'number'},
                                                                                            {'type': 'null'}],
                                                                                  'default': None},
                                                                     'warn-unpinned': {'anyOf': [{'type': 'boolean'},
                                                                                                 {'type': 'null'}],
                                                                                       'default': None},
                                                                     'subdirectory': {'anyOf': [{'type': 'string'},
                                                                                                {'type': 'null'}],
                                                                                      'default': None},
                                                                     'unrendered': {'type': 'object',
                                                                                    'propertyNames': {'type': 'string'}},
                                                                     'name': {'anyOf': [{'type': 'string'},
                                                                                        {'type': 'null'}],
                                                                              'default': None}},
                                                      'additionalProperties': False,
                                                      'required': ['private']}]}},
                    'query-comment': {'anyOf': [{'type': 'object',
                                                 'title': 'QueryComment',
                                                 'properties': {'comment': {'type': 'string',
                                                                            'default': '\n'
                                                                                       '{%- '
                                                                                       'set '
                                                                                       'comment_dict '
                                                                                       '= '
                                                                                       '{} '
                                                                                       '-%}\n'
                                                                                       '{%- '
                                                                                       'do '
                                                                                       'comment_dict.update(\n'
                                                                                       '    '
                                                                                       "app='dbt',\n"
                                                                                       '    '
                                                                                       'dbt_version=dbt_version,\n'
                                                                                       '    '
                                                                                       "profile_name=target.get('profile_name'),\n"
                                                                                       '    '
                                                                                       "target_name=target.get('target_name'),\n"
                                                                                       ') '
                                                                                       '-%}\n'
                                                                                       '{%- '
                                                                                       'if '
                                                                                       'node '
                                                                                       'is '
                                                                                       'not '
                                                                                       'none '
                                                                                       '-%}\n'
                                                                                       '  '
                                                                                       '{%- '
                                                                                       'do '
                                                                                       'comment_dict.update(\n'
                                                                                       '    '
                                                                                       'node_id=node.unique_id,\n'
                                                                                       '  '
                                                                                       ') '
                                                                                       '-%}\n'
                                                                                       '{% '
                                                                                       'else '
                                                                                       '%}\n'
                                                                                       '  '
                                                                                       '{# '
                                                                                       'in '
                                                                                       'the '
                                                                                       'node '
                                                                                       'context, '
                                                                                       'the '
                                                                                       'connection '
                                                                                       'name '
                                                                                       'is '
                                                                                       'the '
                                                                                       'node_id '
                                                                                       '#}\n'
                                                                                       '  '
                                                                                       '{%- '
                                                                                       'do '
                                                                                       'comment_dict.update(connection_name=connection_name) '
                                                                                       '-%}\n'
                                                                                       '{%- '
                                                                                       'endif '
                                                                                       '-%}\n'
                                                                                       '{{ '
                                                                                       'return(tojson(comment_dict)) '
                                                                                       '}}\n'},
                                                                'append': {'anyOf': [{'type': 'boolean'},
                                                                                     {'type': 'null'}],
                                                                           'default': None},
                                                                'job-label': {'type': 'boolean',
                                                                              'default': False}},
                                                 'additionalProperties': False},
                                                {'type': 'object',
                                                 'title': 'NoValue',
                                                 'properties': {'novalue': {'enum': ['novalue']}},
                                                 'additionalProperties': False},
                                                {'type': 'string'},
                                                {'type': 'null'}]},
                    'restrict-access': {'type': 'boolean',
                                        'default': False},
                    'dbt-cloud': {'anyOf': [{'type': 'object',
                                             'propertyNames': {'type': 'string'}},
                                            {'type': 'null'}],
                                  'default': None},
                    'flags': {'type': 'object',
                              'propertyNames': {'type': 'string'}}},
     'additionalProperties': False,
     'required': ['name']}

On instance:
    {'name': 'insurance_case',
     'version': '1.0.0',
     'profile': 'insurance_case',
     'model-paths': ['models'],
     'analysis-paths': ['analyses'],
     'test-paths': ['tests'],
     'seed-paths': ['seeds'],
     'macro-paths': ['macros'],
     'snapshot-paths': ['snapshots'],
     'schema-prefix': '',
     'clean-targets': ['target', 'dbt_packages'],
     'models': {'insurance_case': {'+schema': 'gold',
                                   '+materialized': 'table'}},
     'project-root': '/home/armando/git/insurance_case/insurance_case'}

The above exception was the direct cause of the following exception:

Traceback (most recent call last):
  File "/home/armando/git/insurance_case/dagster-quickstart/.venv/lib/python3.12/site-packages/dagster_dbt/core/resource.py", line 697, in cli
    adapter = self._initialize_dbt_core_adapter(args)
              ^^^^^^^^^^^^^^^^^^^^^^^^^^^^^^^^^^^^^^^
  File "/home/armando/git/insurance_case/dagster-quickstart/.venv/lib/python3.12/site-packages/dagster_dbt/core/resource.py", line 382, in _initialize_dbt_core_adapter
    project = load_project(self.project_dir, False, profile, cli_vars)
              ^^^^^^^^^^^^^^^^^^^^^^^^^^^^^^^^^^^^^^^^^^^^^^^^^^^^^^^^
  File "/home/armando/git/insurance_case/dagster-quickstart/.venv/lib/python3.12/site-packages/dbt/config/runtime.py", line 58, in load_project
    project = Project.from_project_root(
              ^^^^^^^^^^^^^^^^^^^^^^^^^^
  File "/home/armando/git/insurance_case/dagster-quickstart/.venv/lib/python3.12/site-packages/dbt/config/project.py", line 771, in from_project_root
    return partial.render(renderer)
           ^^^^^^^^^^^^^^^^^^^^^^^^
  File "/home/armando/git/insurance_case/dagster-quickstart/.venv/lib/python3.12/site-packages/dbt/config/project.py", line 337, in render
    return self.create_project(rendered)
           ^^^^^^^^^^^^^^^^^^^^^^^^^^^^^
  File "/home/armando/git/insurance_case/dagster-quickstart/.venv/lib/python3.12/site-packages/dbt/config/project.py", line 392, in create_project
    raise ProjectContractError(e) from e
dbt.exceptions.ProjectContractError: Runtime Error
  at path []: Additional properties are not allowed ('schema-prefix' was unexpected)

Error encountered in /home/armando/git/insurance_case/insurance_case/dbt_project.yml
WARNING: __ASSET_JOB - dc61f251-b5d8-4b5c-a62b-7c74c294a5a7 - insurance_case - An error was encountered when creating a handle to the dbt adapter in Dagster.
jsonschema.exceptions.ValidationError: Additional properties are not allowed ('schema-prefix' was unexpected)

Failed validating 'additionalProperties' in schema:
    {'type': 'object',
     'title': 'Project',
     'properties': {'name': {'type': 'string',
                             'pattern': '^[^\\d\\W]\\w*$'},
                    'config-version': {'anyOf': [{'type': 'integer'},
                                                 {'type': 'null'}],
                                       'default': 2},
                    'version': {'anyOf': [{'type': 'string',
                                           'pattern': '^(0|[1-9]\\d*)\\.(0|[1-9]\\d*)(\\.(0|[1-9]\\d*)(?:-((?:0|[1-9]\\d*|\\d*[a-zA-Z-][0-9a-zA-Z-]*)(?:\\.(?:0|[1-9]\\d*|\\d*[a-zA-Z-][0-9a-zA-Z-]*))*))?(?:\\+([0-9a-zA-Z-]+(?:\\.[0-9a-zA-Z-]+)*))?)?$'},
                                          {'type': 'number'},
                                          {'type': 'null'}],
                                'default': None},
                    'project-root': {'anyOf': [{'type': 'string'},
                                               {'type': 'null'}],
                                     'default': None},
                    'source-paths': {'anyOf': [{'type': 'array',
                                                'items': {'type': 'string'}},
                                               {'type': 'null'}],
                                     'default': None},
                    'model-paths': {'anyOf': [{'type': 'array',
                                               'items': {'type': 'string'}},
                                              {'type': 'null'}],
                                    'default': None},
                    'macro-paths': {'anyOf': [{'type': 'array',
                                               'items': {'type': 'string'}},
                                              {'type': 'null'}],
                                    'default': None},
                    'data-paths': {'anyOf': [{'type': 'array',
                                              'items': {'type': 'string'}},
                                             {'type': 'null'}],
                                   'default': None},
                    'seed-paths': {'anyOf': [{'type': 'array',
                                              'items': {'type': 'string'}},
                                             {'type': 'null'}],
                                   'default': None},
                    'test-paths': {'anyOf': [{'type': 'array',
                                              'items': {'type': 'string'}},
                                             {'type': 'null'}],
                                   'default': None},
                    'analysis-paths': {'anyOf': [{'type': 'array',
                                                  'items': {'type': 'string'}},
                                                 {'type': 'null'}],
                                       'default': None},
                    'docs-paths': {'anyOf': [{'type': 'array',
                                              'items': {'type': 'string'}},
                                             {'type': 'null'}],
                                   'default': None},
                    'asset-paths': {'anyOf': [{'type': 'array',
                                               'items': {'type': 'string'}},
                                              {'type': 'null'}],
                                    'default': None},
                    'target-path': {'anyOf': [{'type': 'string'},
                                              {'type': 'null'}],
                                    'default': None},
                    'snapshot-paths': {'anyOf': [{'type': 'array',
                                                  'items': {'type': 'string'}},
                                                 {'type': 'null'}],
                                       'default': None},
                    'clean-targets': {'anyOf': [{'type': 'array',
                                                 'items': {'type': 'string'}},
                                                {'type': 'null'}],
                                      'default': None},
                    'profile': {'anyOf': [{'type': 'string'},
                                          {'type': 'null'}],
                                'default': None},
                    'log-path': {'anyOf': [{'type': 'string'},
                                           {'type': 'null'}],
                                 'default': None},
                    'packages-install-path': {'anyOf': [{'type': 'string'},
                                                        {'type': 'null'}],
                                              'default': None},
                    'quoting': {'anyOf': [{'type': 'object',
                                           'title': 'Quoting',
                                           'properties': {'schema': {'anyOf': [{'type': 'boolean'},
                                                                               {'type': 'null'}],
                                                                     'default': None},
                                                          'database': {'anyOf': [{'type': 'boolean'},
                                                                                 {'type': 'null'}],
                                                                       'default': None},
                                                          'project': {'anyOf': [{'type': 'boolean'},
                                                                                {'type': 'null'}],
                                                                      'default': None},
                                                          'identifier': {'anyOf': [{'type': 'boolean'},
                                                                                   {'type': 'null'}],
                                                                         'default': None},
                                                          'snowflake_ignore_case': {'anyOf': [{'type': 'boolean'},
                                                                                              {'type': 'null'}],
                                                                                    'default': None}},
                                           'additionalProperties': False},
                                          {'type': 'null'}],
                                'default': None},
                    'on-run-start': {'anyOf': [{'type': 'array',
                                                'items': {'type': 'string'}},
                                               {'type': 'null'}]},
                    'on-run-end': {'anyOf': [{'type': 'array',
                                              'items': {'type': 'string'}},
                                             {'type': 'null'}]},
                    'require-dbt-version': {'anyOf': [{'type': 'array',
                                                       'items': {'type': 'string'}},
                                                      {'type': 'string'},
                                                      {'type': 'null'}],
                                            'default': None},
                    'dispatch': {'type': 'array',
                                 'items': {'type': 'object',
                                           'propertyNames': {'type': 'string'}}},
                    'models': {'type': 'object',
                               'propertyNames': {'type': 'string'}},
                    'seeds': {'type': 'object',
                              'propertyNames': {'type': 'string'}},
                    'snapshots': {'type': 'object',
                                  'propertyNames': {'type': 'string'}},
                    'analyses': {'type': 'object',
                                 'propertyNames': {'type': 'string'}},
                    'sources': {'type': 'object',
                                'propertyNames': {'type': 'string'}},
                    'tests': {'type': 'object',
                              'propertyNames': {'type': 'string'}},
                    'data_tests': {'type': 'object',
                                   'propertyNames': {'type': 'string'}},
                    'unit_tests': {'type': 'object',
                                   'propertyNames': {'type': 'string'}},
                    'metrics': {'type': 'object',
                                'propertyNames': {'type': 'string'}},
                    'semantic-models': {'type': 'object',
                                        'propertyNames': {'type': 'string'}},
                    'saved-queries': {'type': 'object',
                                      'propertyNames': {'type': 'string'}},
                    'exposures': {'type': 'object',
                                  'propertyNames': {'type': 'string'}},
                    'vars': {'description': 'map project names to their '
                                            'vars override dicts',
                             'anyOf': [{'type': 'object',
                                        'propertyNames': {'type': 'string'}},
                                       {'type': 'null'}],
                             'default': None},
                    'packages': {'type': 'array',
                                 'items': {'anyOf': [{'type': 'object',
                                                      'title': 'LocalPackage',
                                                      'properties': {'local': {'type': 'string'},
                                                                     'unrendered': {'type': 'object',
                                                                                    'propertyNames': {'type': 'string'}},
                                                                     'name': {'anyOf': [{'type': 'string'},
                                                                                        {'type': 'null'}],
                                                                              'default': None}},
                                                      'additionalProperties': False,
                                                      'required': ['local']},
                                                     {'type': 'object',
                                                      'title': 'TarballPackage',
                                                      'properties': {'tarball': {'type': 'string'},
                                                                     'name': {'type': 'string'},
                                                                     'unrendered': {'type': 'object',
                                                                                    'propertyNames': {'type': 'string'}}},
                                                      'additionalProperties': False,
                                                      'required': ['tarball',
                                                                   'name']},
                                                     {'type': 'object',
                                                      'title': 'GitPackage',
                                                      'properties': {'git': {'type': 'string'},
                                                                     'revision': {'anyOf': [{'type': 'string'},
                                                                                            {'type': 'number'},
                                                                                            {'type': 'null'}],
                                                                                  'default': None},
                                                                     'warn-unpinned': {'anyOf': [{'type': 'boolean'},
                                                                                                 {'type': 'null'}],
                                                                                       'default': None},
                                                                     'subdirectory': {'anyOf': [{'type': 'string'},
                                                                                                {'type': 'null'}],
                                                                                      'default': None},
                                                                     'unrendered': {'type': 'object',
                                                                                    'propertyNames': {'type': 'string'}},
                                                                     'name': {'anyOf': [{'type': 'string'},
                                                                                        {'type': 'null'}],
                                                                              'default': None}},
                                                      'additionalProperties': False,
                                                      'required': ['git']},
                                                     {'type': 'object',
                                                      'title': 'RegistryPackage',
                                                      'properties': {'package': {'type': 'string'},
                                                                     'version': {'anyOf': [{'type': 'string'},
                                                                                           {'type': 'number'},
                                                                                           {'type': 'array',
                                                                                            'items': {'anyOf': [{'type': 'string'},
                                                                                                                {'type': 'number'}]}}]},
                                                                     'install_prerelease': {'anyOf': [{'type': 'boolean'},
                                                                                                      {'type': 'null'}],
                                                                                            'default': False},
                                                                     'unrendered': {'type': 'object',
                                                                                    'propertyNames': {'type': 'string'}},
                                                                     'name': {'anyOf': [{'type': 'string'},
                                                                                        {'type': 'null'}],
                                                                              'default': None}},
                                                      'additionalProperties': False,
                                                      'required': ['package',
                                                                   'version']},
                                                     {'type': 'object',
                                                      'title': 'PrivatePackage',
                                                      'properties': {'private': {'type': 'string'},
                                                                     'provider': {'anyOf': [{'type': 'string'},
                                                                                            {'type': 'null'}],
                                                                                  'default': None},
                                                                     'revision': {'anyOf': [{'type': 'string'},
                                                                                            {'type': 'number'},
                                                                                            {'type': 'null'}],
                                                                                  'default': None},
                                                                     'warn-unpinned': {'anyOf': [{'type': 'boolean'},
                                                                                                 {'type': 'null'}],
                                                                                       'default': None},
                                                                     'subdirectory': {'anyOf': [{'type': 'string'},
                                                                                                {'type': 'null'}],
                                                                                      'default': None},
                                                                     'unrendered': {'type': 'object',
                                                                                    'propertyNames': {'type': 'string'}},
                                                                     'name': {'anyOf': [{'type': 'string'},
                                                                                        {'type': 'null'}],
                                                                              'default': None}},
                                                      'additionalProperties': False,
                                                      'required': ['private']}]}},
                    'query-comment': {'anyOf': [{'type': 'object',
                                                 'title': 'QueryComment',
                                                 'properties': {'comment': {'type': 'string',
                                                                            'default': '\n'
                                                                                       '{%- '
                                                                                       'set '
                                                                                       'comment_dict '
                                                                                       '= '
                                                                                       '{} '
                                                                                       '-%}\n'
                                                                                       '{%- '
                                                                                       'do '
                                                                                       'comment_dict.update(\n'
                                                                                       '    '
                                                                                       "app='dbt',\n"
                                                                                       '    '
                                                                                       'dbt_version=dbt_version,\n'
                                                                                       '    '
                                                                                       "profile_name=target.get('profile_name'),\n"
                                                                                       '    '
                                                                                       "target_name=target.get('target_name'),\n"
                                                                                       ') '
                                                                                       '-%}\n'
                                                                                       '{%- '
                                                                                       'if '
                                                                                       'node '
                                                                                       'is '
                                                                                       'not '
                                                                                       'none '
                                                                                       '-%}\n'
                                                                                       '  '
                                                                                       '{%- '
                                                                                       'do '
                                                                                       'comment_dict.update(\n'
                                                                                       '    '
                                                                                       'node_id=node.unique_id,\n'
                                                                                       '  '
                                                                                       ') '
                                                                                       '-%}\n'
                                                                                       '{% '
                                                                                       'else '
                                                                                       '%}\n'
                                                                                       '  '
                                                                                       '{# '
                                                                                       'in '
                                                                                       'the '
                                                                                       'node '
                                                                                       'context, '
                                                                                       'the '
                                                                                       'connection '
                                                                                       'name '
                                                                                       'is '
                                                                                       'the '
                                                                                       'node_id '
                                                                                       '#}\n'
                                                                                       '  '
                                                                                       '{%- '
                                                                                       'do '
                                                                                       'comment_dict.update(connection_name=connection_name) '
                                                                                       '-%}\n'
                                                                                       '{%- '
                                                                                       'endif '
                                                                                       '-%}\n'
                                                                                       '{{ '
                                                                                       'return(tojson(comment_dict)) '
                                                                                       '}}\n'},
                                                                'append': {'anyOf': [{'type': 'boolean'},
                                                                                     {'type': 'null'}],
                                                                           'default': None},
                                                                'job-label': {'type': 'boolean',
                                                                              'default': False}},
                                                 'additionalProperties': False},
                                                {'type': 'object',
                                                 'title': 'NoValue',
                                                 'properties': {'novalue': {'enum': ['novalue']}},
                                                 'additionalProperties': False},
                                                {'type': 'string'},
                                                {'type': 'null'}]},
                    'restrict-access': {'type': 'boolean',
                                        'default': False},
                    'dbt-cloud': {'anyOf': [{'type': 'object',
                                             'propertyNames': {'type': 'string'}},
                                            {'type': 'null'}],
                                  'default': None},
                    'flags': {'type': 'object',
                              'propertyNames': {'type': 'string'}}},
     'additionalProperties': False,
     'required': ['name']}

On instance:
    {'name': 'insurance_case',
     'version': '1.0.0',
     'profile': 'insurance_case',
     'model-paths': ['models'],
     'analysis-paths': ['analyses'],
     'test-paths': ['tests'],
     'seed-paths': ['seeds'],
     'macro-paths': ['macros'],
     'snapshot-paths': ['snapshots'],
     'schema-prefix': '',
     'clean-targets': ['target', 'dbt_packages'],
     'models': {'insurance_case': {'+schema': 'gold',
                                   '+materialized': 'table'}},
     'project-root': '/home/armando/git/insurance_case/insurance_case'}

The above exception was the direct cause of the following exception:

Traceback (most recent call last):
  File "/home/armando/git/insurance_case/dagster-quickstart/.venv/lib/python3.12/site-packages/dbt/config/project.py", line 389, in create_project
    ProjectContract.validate(rendered.project_dict)
  File "/home/armando/git/insurance_case/dagster-quickstart/.venv/lib/python3.12/site-packages/dbt/contracts/project.py", line 306, in validate
    super().validate(data)
  File "/home/armando/git/insurance_case/dagster-quickstart/.venv/lib/python3.12/site-packages/dbt_common/dataclass_schema.py", line 99, in validate
    raise ValidationError.create_from(error) from error
dbt_common.dataclass_schema.ValidationError: Additional properties are not allowed ('schema-prefix' was unexpected)

Failed validating 'additionalProperties' in schema:
    {'type': 'object',
     'title': 'Project',
     'properties': {'name': {'type': 'string',
                             'pattern': '^[^\\d\\W]\\w*$'},
                    'config-version': {'anyOf': [{'type': 'integer'},
                                                 {'type': 'null'}],
                                       'default': 2},
                    'version': {'anyOf': [{'type': 'string',
                                           'pattern': '^(0|[1-9]\\d*)\\.(0|[1-9]\\d*)(\\.(0|[1-9]\\d*)(?:-((?:0|[1-9]\\d*|\\d*[a-zA-Z-][0-9a-zA-Z-]*)(?:\\.(?:0|[1-9]\\d*|\\d*[a-zA-Z-][0-9a-zA-Z-]*))*))?(?:\\+([0-9a-zA-Z-]+(?:\\.[0-9a-zA-Z-]+)*))?)?$'},
                                          {'type': 'number'},
                                          {'type': 'null'}],
                                'default': None},
                    'project-root': {'anyOf': [{'type': 'string'},
                                               {'type': 'null'}],
                                     'default': None},
                    'source-paths': {'anyOf': [{'type': 'array',
                                                'items': {'type': 'string'}},
                                               {'type': 'null'}],
                                     'default': None},
                    'model-paths': {'anyOf': [{'type': 'array',
                                               'items': {'type': 'string'}},
                                              {'type': 'null'}],
                                    'default': None},
                    'macro-paths': {'anyOf': [{'type': 'array',
                                               'items': {'type': 'string'}},
                                              {'type': 'null'}],
                                    'default': None},
                    'data-paths': {'anyOf': [{'type': 'array',
                                              'items': {'type': 'string'}},
                                             {'type': 'null'}],
                                   'default': None},
                    'seed-paths': {'anyOf': [{'type': 'array',
                                              'items': {'type': 'string'}},
                                             {'type': 'null'}],
                                   'default': None},
                    'test-paths': {'anyOf': [{'type': 'array',
                                              'items': {'type': 'string'}},
                                             {'type': 'null'}],
                                   'default': None},
                    'analysis-paths': {'anyOf': [{'type': 'array',
                                                  'items': {'type': 'string'}},
                                                 {'type': 'null'}],
                                       'default': None},
                    'docs-paths': {'anyOf': [{'type': 'array',
                                              'items': {'type': 'string'}},
                                             {'type': 'null'}],
                                   'default': None},
                    'asset-paths': {'anyOf': [{'type': 'array',
                                               'items': {'type': 'string'}},
                                              {'type': 'null'}],
                                    'default': None},
                    'target-path': {'anyOf': [{'type': 'string'},
                                              {'type': 'null'}],
                                    'default': None},
                    'snapshot-paths': {'anyOf': [{'type': 'array',
                                                  'items': {'type': 'string'}},
                                                 {'type': 'null'}],
                                       'default': None},
                    'clean-targets': {'anyOf': [{'type': 'array',
                                                 'items': {'type': 'string'}},
                                                {'type': 'null'}],
                                      'default': None},
                    'profile': {'anyOf': [{'type': 'string'},
                                          {'type': 'null'}],
                                'default': None},
                    'log-path': {'anyOf': [{'type': 'string'},
                                           {'type': 'null'}],
                                 'default': None},
                    'packages-install-path': {'anyOf': [{'type': 'string'},
                                                        {'type': 'null'}],
                                              'default': None},
                    'quoting': {'anyOf': [{'type': 'object',
                                           'title': 'Quoting',
                                           'properties': {'schema': {'anyOf': [{'type': 'boolean'},
                                                                               {'type': 'null'}],
                                                                     'default': None},
                                                          'database': {'anyOf': [{'type': 'boolean'},
                                                                                 {'type': 'null'}],
                                                                       'default': None},
                                                          'project': {'anyOf': [{'type': 'boolean'},
                                                                                {'type': 'null'}],
                                                                      'default': None},
                                                          'identifier': {'anyOf': [{'type': 'boolean'},
                                                                                   {'type': 'null'}],
                                                                         'default': None},
                                                          'snowflake_ignore_case': {'anyOf': [{'type': 'boolean'},
                                                                                              {'type': 'null'}],
                                                                                    'default': None}},
                                           'additionalProperties': False},
                                          {'type': 'null'}],
                                'default': None},
                    'on-run-start': {'anyOf': [{'type': 'array',
                                                'items': {'type': 'string'}},
                                               {'type': 'null'}]},
                    'on-run-end': {'anyOf': [{'type': 'array',
                                              'items': {'type': 'string'}},
                                             {'type': 'null'}]},
                    'require-dbt-version': {'anyOf': [{'type': 'array',
                                                       'items': {'type': 'string'}},
                                                      {'type': 'string'},
                                                      {'type': 'null'}],
                                            'default': None},
                    'dispatch': {'type': 'array',
                                 'items': {'type': 'object',
                                           'propertyNames': {'type': 'string'}}},
                    'models': {'type': 'object',
                               'propertyNames': {'type': 'string'}},
                    'seeds': {'type': 'object',
                              'propertyNames': {'type': 'string'}},
                    'snapshots': {'type': 'object',
                                  'propertyNames': {'type': 'string'}},
                    'analyses': {'type': 'object',
                                 'propertyNames': {'type': 'string'}},
                    'sources': {'type': 'object',
                                'propertyNames': {'type': 'string'}},
                    'tests': {'type': 'object',
                              'propertyNames': {'type': 'string'}},
                    'data_tests': {'type': 'object',
                                   'propertyNames': {'type': 'string'}},
                    'unit_tests': {'type': 'object',
                                   'propertyNames': {'type': 'string'}},
                    'metrics': {'type': 'object',
                                'propertyNames': {'type': 'string'}},
                    'semantic-models': {'type': 'object',
                                        'propertyNames': {'type': 'string'}},
                    'saved-queries': {'type': 'object',
                                      'propertyNames': {'type': 'string'}},
                    'exposures': {'type': 'object',
                                  'propertyNames': {'type': 'string'}},
                    'vars': {'description': 'map project names to their '
                                            'vars override dicts',
                             'anyOf': [{'type': 'object',
                                        'propertyNames': {'type': 'string'}},
                                       {'type': 'null'}],
                             'default': None},
                    'packages': {'type': 'array',
                                 'items': {'anyOf': [{'type': 'object',
                                                      'title': 'LocalPackage',
                                                      'properties': {'local': {'type': 'string'},
                                                                     'unrendered': {'type': 'object',
                                                                                    'propertyNames': {'type': 'string'}},
                                                                     'name': {'anyOf': [{'type': 'string'},
                                                                                        {'type': 'null'}],
                                                                              'default': None}},
                                                      'additionalProperties': False,
                                                      'required': ['local']},
                                                     {'type': 'object',
                                                      'title': 'TarballPackage',
                                                      'properties': {'tarball': {'type': 'string'},
                                                                     'name': {'type': 'string'},
                                                                     'unrendered': {'type': 'object',
                                                                                    'propertyNames': {'type': 'string'}}},
                                                      'additionalProperties': False,
                                                      'required': ['tarball',
                                                                   'name']},
                                                     {'type': 'object',
                                                      'title': 'GitPackage',
                                                      'properties': {'git': {'type': 'string'},
                                                                     'revision': {'anyOf': [{'type': 'string'},
                                                                                            {'type': 'number'},
                                                                                            {'type': 'null'}],
                                                                                  'default': None},
                                                                     'warn-unpinned': {'anyOf': [{'type': 'boolean'},
                                                                                                 {'type': 'null'}],
                                                                                       'default': None},
                                                                     'subdirectory': {'anyOf': [{'type': 'string'},
                                                                                                {'type': 'null'}],
                                                                                      'default': None},
                                                                     'unrendered': {'type': 'object',
                                                                                    'propertyNames': {'type': 'string'}},
                                                                     'name': {'anyOf': [{'type': 'string'},
                                                                                        {'type': 'null'}],
                                                                              'default': None}},
                                                      'additionalProperties': False,
                                                      'required': ['git']},
                                                     {'type': 'object',
                                                      'title': 'RegistryPackage',
                                                      'properties': {'package': {'type': 'string'},
                                                                     'version': {'anyOf': [{'type': 'string'},
                                                                                           {'type': 'number'},
                                                                                           {'type': 'array',
                                                                                            'items': {'anyOf': [{'type': 'string'},
                                                                                                                {'type': 'number'}]}}]},
                                                                     'install_prerelease': {'anyOf': [{'type': 'boolean'},
                                                                                                      {'type': 'null'}],
                                                                                            'default': False},
                                                                     'unrendered': {'type': 'object',
                                                                                    'propertyNames': {'type': 'string'}},
                                                                     'name': {'anyOf': [{'type': 'string'},
                                                                                        {'type': 'null'}],
                                                                              'default': None}},
                                                      'additionalProperties': False,
                                                      'required': ['package',
                                                                   'version']},
                                                     {'type': 'object',
                                                      'title': 'PrivatePackage',
                                                      'properties': {'private': {'type': 'string'},
                                                                     'provider': {'anyOf': [{'type': 'string'},
                                                                                            {'type': 'null'}],
                                                                                  'default': None},
                                                                     'revision': {'anyOf': [{'type': 'string'},
                                                                                            {'type': 'number'},
                                                                                            {'type': 'null'}],
                                                                                  'default': None},
                                                                     'warn-unpinned': {'anyOf': [{'type': 'boolean'},
                                                                                                 {'type': 'null'}],
                                                                                       'default': None},
                                                                     'subdirectory': {'anyOf': [{'type': 'string'},
                                                                                                {'type': 'null'}],
                                                                                      'default': None},
                                                                     'unrendered': {'type': 'object',
                                                                                    'propertyNames': {'type': 'string'}},
                                                                     'name': {'anyOf': [{'type': 'string'},
                                                                                        {'type': 'null'}],
                                                                              'default': None}},
                                                      'additionalProperties': False,
                                                      'required': ['private']}]}},
                    'query-comment': {'anyOf': [{'type': 'object',
                                                 'title': 'QueryComment',
                                                 'properties': {'comment': {'type': 'string',
                                                                            'default': '\n'
                                                                                       '{%- '
                                                                                       'set '
                                                                                       'comment_dict '
                                                                                       '= '
                                                                                       '{} '
                                                                                       '-%}\n'
                                                                                       '{%- '
                                                                                       'do '
                                                                                       'comment_dict.update(\n'
                                                                                       '    '
                                                                                       "app='dbt',\n"
                                                                                       '    '
                                                                                       'dbt_version=dbt_version,\n'
                                                                                       '    '
                                                                                       "profile_name=target.get('profile_name'),\n"
                                                                                       '    '
                                                                                       "target_name=target.get('target_name'),\n"
                                                                                       ') '
                                                                                       '-%}\n'
                                                                                       '{%- '
                                                                                       'if '
                                                                                       'node '
                                                                                       'is '
                                                                                       'not '
                                                                                       'none '
                                                                                       '-%}\n'
                                                                                       '  '
                                                                                       '{%- '
                                                                                       'do '
                                                                                       'comment_dict.update(\n'
                                                                                       '    '
                                                                                       'node_id=node.unique_id,\n'
                                                                                       '  '
                                                                                       ') '
                                                                                       '-%}\n'
                                                                                       '{% '
                                                                                       'else '
                                                                                       '%}\n'
                                                                                       '  '
                                                                                       '{# '
                                                                                       'in '
                                                                                       'the '
                                                                                       'node '
                                                                                       'context, '
                                                                                       'the '
                                                                                       'connection '
                                                                                       'name '
                                                                                       'is '
                                                                                       'the '
                                                                                       'node_id '
                                                                                       '#}\n'
                                                                                       '  '
                                                                                       '{%- '
                                                                                       'do '
                                                                                       'comment_dict.update(connection_name=connection_name) '
                                                                                       '-%}\n'
                                                                                       '{%- '
                                                                                       'endif '
                                                                                       '-%}\n'
                                                                                       '{{ '
                                                                                       'return(tojson(comment_dict)) '
                                                                                       '}}\n'},
                                                                'append': {'anyOf': [{'type': 'boolean'},
                                                                                     {'type': 'null'}],
                                                                           'default': None},
                                                                'job-label': {'type': 'boolean',
                                                                              'default': False}},
                                                 'additionalProperties': False},
                                                {'type': 'object',
                                                 'title': 'NoValue',
                                                 'properties': {'novalue': {'enum': ['novalue']}},
                                                 'additionalProperties': False},
                                                {'type': 'string'},
                                                {'type': 'null'}]},
                    'restrict-access': {'type': 'boolean',
                                        'default': False},
                    'dbt-cloud': {'anyOf': [{'type': 'object',
                                             'propertyNames': {'type': 'string'}},
                                            {'type': 'null'}],
                                  'default': None},
                    'flags': {'type': 'object',
                              'propertyNames': {'type': 'string'}}},
     'additionalProperties': False,
     'required': ['name']}

On instance:
    {'name': 'insurance_case',
     'version': '1.0.0',
     'profile': 'insurance_case',
     'model-paths': ['models'],
     'analysis-paths': ['analyses'],
     'test-paths': ['tests'],
     'seed-paths': ['seeds'],
     'macro-paths': ['macros'],
     'snapshot-paths': ['snapshots'],
     'schema-prefix': '',
     'clean-targets': ['target', 'dbt_packages'],
     'models': {'insurance_case': {'+schema': 'gold',
                                   '+materialized': 'table'}},
     'project-root': '/home/armando/git/insurance_case/insurance_case'}

The above exception was the direct cause of the following exception:

Traceback (most recent call last):
  File "/home/armando/git/insurance_case/dagster-quickstart/.venv/lib/python3.12/site-packages/dagster_dbt/core/resource.py", line 697, in cli
    adapter = self._initialize_dbt_core_adapter(args)
              ^^^^^^^^^^^^^^^^^^^^^^^^^^^^^^^^^^^^^^^
  File "/home/armando/git/insurance_case/dagster-quickstart/.venv/lib/python3.12/site-packages/dagster_dbt/core/resource.py", line 382, in _initialize_dbt_core_adapter
    project = load_project(self.project_dir, False, profile, cli_vars)
              ^^^^^^^^^^^^^^^^^^^^^^^^^^^^^^^^^^^^^^^^^^^^^^^^^^^^^^^^
  File "/home/armando/git/insurance_case/dagster-quickstart/.venv/lib/python3.12/site-packages/dbt/config/runtime.py", line 58, in load_project
    project = Project.from_project_root(
              ^^^^^^^^^^^^^^^^^^^^^^^^^^
  File "/home/armando/git/insurance_case/dagster-quickstart/.venv/lib/python3.12/site-packages/dbt/config/project.py", line 771, in from_project_root
    return partial.render(renderer)
           ^^^^^^^^^^^^^^^^^^^^^^^^
  File "/home/armando/git/insurance_case/dagster-quickstart/.venv/lib/python3.12/site-packages/dbt/config/project.py", line 337, in render
    return self.create_project(rendered)
           ^^^^^^^^^^^^^^^^^^^^^^^^^^^^^
  File "/home/armando/git/insurance_case/dagster-quickstart/.venv/lib/python3.12/site-packages/dbt/config/project.py", line 392, in create_project
    raise ProjectContractError(e) from e
dbt.exceptions.ProjectContractError: Runtime Error
  at path []: Additional properties are not allowed ('schema-prefix' was unexpected)

Error encountered in /home/armando/git/insurance_case/insurance_case/dbt_project.yml
[32m2025-10-26 13:33:49 -0600[0m - dagster - [34mINFO[0m - __ASSET_JOB - dc61f251-b5d8-4b5c-a62b-7c74c294a5a7 - insurance_case - Copying `/home/armando/git/insurance_case/insurance_case/target/partial_parse.msgpack` to `/home/armando/git/insurance_case/insurance_case/target/insurance_case-dc61f25-5df18ec/partial_parse.msgpack` to take advantage of partial parsing.
INFO: __ASSET_JOB - dc61f251-b5d8-4b5c-a62b-7c74c294a5a7 - insurance_case - Copying `/home/armando/git/insurance_case/insurance_case/target/partial_parse.msgpack` to `/home/armando/git/insurance_case/insurance_case/target/insurance_case-dc61f25-5df18ec/partial_parse.msgpack` to take advantage of partial parsing.
[32m2025-10-26 13:33:49 -0600[0m - dagster - [34mINFO[0m - __ASSET_JOB - dc61f251-b5d8-4b5c-a62b-7c74c294a5a7 - insurance_case - Running dbt command: `dbt build --select insurance_case.test`.
INFO: __ASSET_JOB - dc61f251-b5d8-4b5c-a62b-7c74c294a5a7 - insurance_case - Running dbt command: `dbt build --select insurance_case.test`.
[32m2025-10-26 13:33:52 -0600[0m - dagster - [34mINFO[0m - __ASSET_JOB - dc61f251-b5d8-4b5c-a62b-7c74c294a5a7 - insurance_case - Finished dbt command: `dbt build --select insurance_case.test`.
INFO: __ASSET_JOB - dc61f251-b5d8-4b5c-a62b-7c74c294a5a7 - insurance_case - Finished dbt command: `dbt build --select insurance_case.test`.
[32m2025-10-26 13:33:52 -0600[0m - dagster - [34mERROR[0m - [31m__ASSET_JOB - dc61f251-b5d8-4b5c-a62b-7c74c294a5a7 - 3774983 - insurance_case - STEP_FAILURE - Execution of step "insurance_case" failed.

dagster_dbt.errors.DagsterDbtCliRuntimeError: The dbt CLI process with command

`dbt build --select insurance_case.test`

failed with exit code `2`. Check the stdout in the Dagster compute logs for the full information about the error, or view the dbt debug log: /home/armando/git/insurance_case/insurance_case/target/insurance_case-dc61f25-5df18ec/dbt.log.

Errors parsed from dbt logs:

Encountered an error:
Runtime Error
  at path []: Additional properties are not allowed ('schema-prefix' was unexpected)

Error encountered in /home/armando/git/insurance_case/insurance_case/dbt_project.yml

Stack Trace:
  File "/home/armando/git/insurance_case/dagster-quickstart/.venv/lib/python3.12/site-packages/dagster/_core/execution/plan/execute_plan.py", line 247, in dagster_event_sequence_for_step
    yield from check.generator(step_events)
  File "/home/armando/git/insurance_case/dagster-quickstart/.venv/lib/python3.12/site-packages/dagster/_core/execution/plan/execute_step.py", line 504, in core_dagster_event_sequence_for_step
    for user_event in _step_output_error_checked_user_event_sequence(
  File "/home/armando/git/insurance_case/dagster-quickstart/.venv/lib/python3.12/site-packages/dagster/_core/execution/plan/execute_step.py", line 183, in _step_output_error_checked_user_event_sequence
    for user_event in user_event_sequence:
  File "/home/armando/git/insurance_case/dagster-quickstart/.venv/lib/python3.12/site-packages/dagster/_core/execution/plan/execute_step.py", line 88, in _process_asset_results_to_events
    for user_event in user_event_sequence:
  File "/home/armando/git/insurance_case/dagster-quickstart/.venv/lib/python3.12/site-packages/dagster/_core/execution/plan/compute.py", line 190, in execute_core_compute
    for step_output in _yield_compute_results(step_context, inputs, compute_fn, compute_context):
  File "/home/armando/git/insurance_case/dagster-quickstart/.venv/lib/python3.12/site-packages/dagster/_core/execution/plan/compute.py", line 159, in _yield_compute_results
    for event in iterate_with_context(
  File "/home/armando/git/insurance_case/dagster-quickstart/.venv/lib/python3.12/site-packages/dagster/_utils/__init__.py", line 392, in iterate_with_context
    next_output = next(iterator)
                  ^^^^^^^^^^^^^^
  File "/home/armando/git/insurance_case/dagster-quickstart/.venv/lib/python3.12/site-packages/dagster_dbt/components/dbt_project/component.py", line 282, in _fn
    yield from self.execute(context=context, dbt=self.cli_resource)
  File "/home/armando/git/insurance_case/dagster-quickstart/.venv/lib/python3.12/site-packages/dagster_dbt/components/dbt_project/component.py", line 340, in execute
    yield from self._get_dbt_event_iterator(context, dbt)
  File "/home/armando/git/insurance_case/dagster-quickstart/.venv/lib/python3.12/site-packages/dagster_dbt/core/dbt_event_iterator.py", line 215, in __next__
    return next(self._inner_iterator)
           ^^^^^^^^^^^^^^^^^^^^^^^^^^
  File "/home/armando/git/insurance_case/dagster-quickstart/.venv/lib/python3.12/site-packages/dagster_dbt/core/dbt_cli_invocation.py", line 289, in _stream_asset_events
    for event in self.stream_raw_events():
  File "/home/armando/git/insurance_case/dagster-quickstart/.venv/lib/python3.12/site-packages/dagster_dbt/core/dbt_cli_invocation.py", line 382, in stream_raw_events
    self._raise_on_error()
  File "/home/armando/git/insurance_case/dagster-quickstart/.venv/lib/python3.12/site-packages/dagster_dbt/core/dbt_cli_invocation.py", line 475, in _raise_on_error
    raise error
[0m
